Droplet-Film model,PySINDY model,XGBoost model,Liquid film model,Liquid droplet model,,Qcr,Well status,Qlattice model,,TabPFN model,Test flow rate
5394.233321045509,54725.29430551686,7682.307,29758.41195,27697.270602256478,,1161.1931564723604,Unloaded,100642.49001092496,,12456.495,10700
13173.147789581226,98214.93283,29766.854,113516.21355468083,10487.25781,,5455.071593216983,Unloaded,115531.43819459283,,9747.284,52200
13146.148357956756,-2178551.347,48953.527,113281.77752954609,11088.169408090507,,4633.392453491444,Unloaded,118687.78063675079,,26606.033,42100
32830.18032554813,32462.28897336476,33720.31,117035.96431950333,10194.450091234112,,33331.6013934192,Unloaded,114214.71021061385,,16677.4,57100
10174.524100771534,116937.91352414744,4685.315,30191.459915139643,18436.22776656288,,2439.685410549157,Unloaded,106459.8190736898,,6658.9087,22400
10339.19707328816,-52.81663395,6089.776,57052.48172278357,31543.453610931796,,2729.968312014239,Unloaded,101699.05140031439,,6140.104,23900
11354.217470352414,121047.40056008927,6279.1353,47897.43344111773,68443.26341,,3313.095503574423,Unloaded,106612.29244933298,,15979.284,26500
68615.24236,38515.663760935146,72989.164,187831.4880701646,17736.639562776498,,73399.37219298605,Unloaded,115869.94680095969,,17662.533,74600
22959.432143272083,12064.694976959669,17663.26,80397.07772472291,55387.96373096364,,17032.599773464197,Unloaded,103469.90117691018,,6049.3384,34300
23847.058866601237,138770.4199206696,7956.393,102224.56309260483,53591.53366331759,,4611.620642752723,Unloaded,146307.5983231872,,5355.846,39000
40826.443978631374,69671.51837,43852.527,242163.3354728751,11928.276175008901,,42756.28433121908,Unloaded,158638.95695334743,,20880.182,108100
26564.61064,100031.72020475121,10519.323,97410.36304642001,1676.231302292261,,6187.330251569481,Unloaded,140595.48473154657,,9488.675,56700
54465.77050320128,38078.71479879253,13119.198,189422.72381654577,17736.639562776498,,7518.861985919334,Unloaded,115869.94680095969,,17694.494,74600
22969.80403045389,11987.84879833441,5543.4478,80436.23611311227,55387.96373096364,,4351.665077556313,Unloaded,103469.90117691018,,6183.721,34300
122599.8203568153,230021.97742911635,201495.03,24160.994164703432,187481.27360914805,,122599.95278353171,Loaded,125895.74385086294,,163973.53,4900
156936.3212520159,77481.24802043187,154701.52,172807.35038568912,187657.79677611863,,156177.44742784748,Loaded,125429.45425200224,,138251.22,48600
1559399.379377112,151924.98311204588,9118.378,96492.53478993387,64084.762462049184,,173786.63179751034,Loaded,117485.66663319984,,25873.354,29300
143114.98403741006,195532.18373909942,143184.56,96703.64232317236,99150.78299093919,,143483.28472267702,Loaded,271418.7416845212,,160718.61,20200
319225.95543573215,301768.1429162546,306306.4,352165.83024786157,241333.6630862356,,316628.23617595545,Loaded,268766.8722017618,,283962.7,97600
218743.37759318674,109801.98194425696,200492.95,37843.907748423975,59610.58825578346,,200693.03283521067,Loaded,199183.21487395235,,211866.36,9900
170307.11889491254,-631852.3218,195702.58,13196.401938451938,31361.594445144805,,170313.89614963782,Loaded,181231.19213965267,,215136.44,5100
210688.81047465943,171835.9124922289,209843.4,46331.893736851605,13979.695731394977,,210593.16704648317,Loaded,181545.42282360728,,215994.56,29100
229038.81573879052,288970.5454975509,224102.4,39282.24258067423,3880.946601199311,,229045.24634502825,Loaded,181145.39976748114,,216837.83,13900
45501.86436356442,208304.1395231785,193253.33,15780.667039865939,21817.023127476667,,194545.9497170032,Loaded,99957.45261326982,,202302.1,7800
174997.92588854305,200427.54880143912,174757.36,18497.285965472194,1291.5300261116438,,174993.08921400132,Loaded,105490.81106297391,,203071.28,8600
2766.832264036324,174098.93186680553,215237.36,23832.54901096419,3900.723633,,204674.38914833457,Loaded,104506.58791805246,,201611.25,10800
227278.1747427645,241768.2205649418,225339.38,14054.113463038912,16086.50596014768,,227278.0490261708,Loaded,105289.48823515915,,206764.81,5300
234534.38920624455,182361.79306289385,230493.78,26218.20271740197,3869.8654286664905,,234531.8305583793,Loaded,105458.1730254501,,176754.44,12400
147183.53276380544,174910.24065629602,149418.28,28959.306795844124,21739.78771305796,,147225.7111142391,Loaded,105338.74272587564,,173027.88,16300
172198.2438624311,163197.95364814918,170520.84,64070.79371200918,3884.137980449444,,172212.29478986017,Loaded,138081.61291590793,,202838.25,35200
147474.76220002552,110804.98819112615,151871.03,75762.85881348667,4780.018598441007,,152391.28398978987,Loaded,139000.71254727876,,162393.27,38500
211160.19917136183,166559.04764298856,210375.39,58898.03751825369,28771.095485697057,,211206.17168315625,Loaded,138056.72466051223,,210322.52,26800
967997.1913030389,172769.92533030736,254169.81,59900.013278183505,16118.625096072707,,261113.2869604105,Loaded,137920.29764118948,,212829.86,29300
157855.38001737444,177890.98782135948,157187.34,54777.46710886658,21723.752542791928,,157667.13408977038,Loaded,138209.47671991988,,203507.7,31800
253347.1360081371,250627.76208968542,251057.6,90914.99125785576,3881.275243139917,,253309.72212229628,Loaded,181696.2794185842,,220780.23,42200
222731.42543781872,174417.70053900513,220300.19,114433.15882652439,4789.470514497306,,222305.81321183944,Loaded,181424.79287154193,,221027.31,52200
1507748.6022953184,246641.8637618511,226691.94,93308.76624152008,16141.278139838962,,271434.709417388,Loaded,181515.0954252194,,223356.58,41000
172689.47280538574,201303.50148533174,172645.44,86139.70754944225,34253.83272569074,,172991.2426663354,Loaded,182288.46515116407,,206969.23,48400
227248.6939,141733.31965184485,226097.77,30435.75505567341,34981.92766044679,,227238.0785997813,Loaded,99750.07043459405,,197341.92,20000
152419.67681753924,106536.32188836299,152504.67,19890.70251696978,14050.584579022378,,152437.85642172207,Loaded,99658.60022903669,,197809.39,14900
239104.50013571026,118799.03065800716,237396.17,23057.31494515041,31342.296515344176,,239085.371977135,Loaded,99504.37528601979,,201487.39,16600
190970.29559451345,113241.86159171017,202854.3,23241.791156468604,2511.225666389874,,190987.60977388787,Loaded,99594.11177826872,,197131.56,18300
5706.661631777084,78935.09484743237,3549.073,15027.358122123076,34141.027173827075,,2110.543853497251,Unloaded,29214.871798202177,,16142.05,16500
139434.18904945787,80935.74841980831,139241.53,6306.942296768175,14796.40063157306,,139441.99365179948,Loaded,31063.873676187824,,126256.03,9300
172607.96072608113,127836.90869081691,171572.7,6346.441314123203,17219.613793550772,,172611.4130992668,Loaded,30829.493205101884,,164402.95,8500
192299.71041989987,61454.052363347364,183581.8,10344.02330913257,21575.532674274848,,192302.5778171839,Loaded,30412.816672473593,,100009.36,14000
79981.88232,184897.92391894356,180249.34,1708.9151098594396,10819.421610113111,,181433.32346441995,Loaded,31454.507847009387,,183081.3,2300
177015.21424806686,140876.7535594563,171052.5,6341.154917611471,17761.21319,,177018.2827414939,Loaded,30777.408638523353,,165659.3,8300
2466.6186751075884,44983.08474240027,2497.573,6493.464547520573,12929.807300561522,,1226.25979346307,Unloaded,31246.16973773019,,2615.9246,10500
235251.53678351204,118298.88497089354,140457.36,7481.022499475849,20482.279165739255,,235255.252092478,Loaded,30516.98580563067,,159153.1,9000
130564.56111828059,183410.1771,174887.72,4780.244184899988,12664.64233631276,,130567.32679321645,Loaded,31272.211942501977,,110847.766,7100
195322.87605575268,194684.28247070007,190415.25,5333.5219994892805,15332.86346065456,,195319.3332768857,Loaded,31011.789109609294,,169931.2,7600
2188.9663835668807,35625.16036022107,3556.8855,5762.6703264047155,10819.421610113111,,1881.3859657248024,Unloaded,31454.507847009387,,3157.1902,10400
262614.64405269787,10632.83264794224,3757.5417,14129.763890512033,20482.279165739255,,2678.0397782072505,Unloaded,30516.98580563067,,3184.862,21500
10743.911380965807,-3302.418943,11618.706,13038.615730573154,16139.72248031749,,10744.270461118036,Unloaded,30933.66233825896,,3923.612,22000
100212.10420676798,486520.6124653083,180889.67,2141.5076635708915,14528.779316206379,,74534.0320902691,Loaded,31089.916037994582,,184809.17,2600
6563.200005415071,-5147.013873,5717.19,13589.719168170452,16139.72248031749,,6088.285079324853,Unloaded,30933.66233825896,,4089.862,23800
132796.00200440327,121955.87356418729,132611.1,7324.159223,20209.253928226597,,132810.47925064596,Loaded,30543.028167437413,,160654.39,9700
3297.797519221409,27886.758440233665,36593.02,8683.217912885335,14796.40063157306,,1784.3474892258432,Unloaded,31063.873676187824,,2394.6824,14100
25938.538821631275,-4084.922854,5497.307,13905.576590769411,16679.15882358641,,25859.31918487244,Unloaded,30881.577771680444,,3976.0574,24800
3292.0597865009026,35128.109155157494,3026.1199,8668.169539501072,15601.535074381425,,2226.1707299153954,Unloaded,30985.74690483749,,2281.3699,13200
2963.314093198674,53922.8473,3026.1199,7801.5253232847535,16139.72248031749,,1597.8876290902856,Unloaded,30933.66233825896,,15305.394,11300
3787.3369508375195,16395.250271927696,3549.073,9972.806701926605,15332.86346065456,,1710.2796458007028,Unloaded,31011.789109609294,,2936.2214,16200
24438.258511357177,-20869.89371,22309.252,10494.287456606055,10034.80244178649,,24470.768851992467,Unloaded,31532.634775394647,,4767.8774,22700
10126.764534189873,56976.785730537114,6932.1274,26679.023905337926,20755.450363383297,,5690.542726420946,Unloaded,30490.943600858853,,5937.7837,50800
7095.704445419754,-6355.83395,4275.6587,14692.991941148102,16139.72248031749,,2733.4021807264985,Unloaded,30933.66233825896,,4519.2837,26100
5232.098105330686,401.4369919459132,5029.776,13779.46355278747,17761.21319,,3197.944029908286,Unloaded,30777.408638523353,,3608.7449,23500
6877.792394961426,-1379.754163,16101.745,14241.179083195497,17761.21319,,7207.480630559297,Unloaded,30777.408638523353,,3777.1824,23300
4721.028886085598,-2909.369394,5997.565,12433.594015172588,15601.535074381425,,2400.0275673969377,Unloaded,30985.74690483749,,3809.0261,21300
5356.286588534398,6936.5906948920165,12013.675,14106.759322814594,19663.681697988515,,11919.00309374164,Unloaded,30595.112734015944,,3321.8699,21700
8564.527441527152,21073.905153035594,5024.5728,22561.45072849867,21575.532674274848,,3934.456825815794,Unloaded,30412.816672473593,,4685.057,37100
3875.0709918658376,13792.129252132887,3674.362,10203.997608151976,15332.86346065456,,2394.049878584218,Unloaded,31011.789109609294,,3045.8542,16600
8364.405028937903,34906.19081224277,5034.7603,22030.186676744892,41280.90525207524,,2379.1294454033628,Unloaded,28511.730227909415,,3184.6042,23300
5590.871362856728,-7736.582906,5070.5493,14726.469879297738,15064.481680991159,,3666.5157124496704,Unloaded,31037.831471416037,,4841.4243,27700
23711.17548,-13199.13595,5350.471,13157.180383461653,11081.724680803469,,4011.356622000008,Unloaded,31428.46564,,5489.393,30400
3007.2115054890146,4313.165211691914,37724.754,7918.432254,11081.724680803469,,1581.8559223970258,Unloaded,31428.46564,,2900.9167,14300
3607.4415794426586,-14315.90669,3462.2917,9500.305977618946,10557.401398286676,,2588.845872322262,Unloaded,31480.55020881613,,3906.737,19300
3405.0051138695344,40569.26870277121,4067.5652,8965.024901631174,16679.15882358641,,2141.6627602867025,Unloaded,30881.577771680444,,2494.2605,13900
3944.502654365142,9839.811116420024,3674.362,10387.61767661809,15064.481680991159,,2639.816013923338,Unloaded,31037.831471416037,,3164.0496,17200
4014.5796594947005,547.7330756952579,4854.1665,10572.21784475985,13994.323760145207,,2547.1294777165435,Unloaded,31142.0006,,3426.9011,18500
4086.800032971442,17697.627686877895,5013.1587,10762.015940658332,16679.15882358641,,2473.403555606213,Unloaded,30881.577771680444,,2879.0886,17300
7679.3221648445815,53673.34972,3878.4324,20224.63150539569,42054.36439908945,,2289.110819087479,Unloaded,28433.60345655908,,2896.7527,21900
3145.1578001674425,28428.421306707984,2581.9949,8281.069982727611,14261.316935474948,,1850.4067939354409,Unloaded,31115.95824276637,,2337.8308,13400
14140.759566572513,6822.124184041764,12802.495,10891.694776038941,15332.86346065456,,14043.723245621808,Unloaded,31011.789109609294,,3352.987,18500
7479.536328588446,13045.89707805439,5034.7603,19700.428640708862,28704.12714658873,,2686.983079275022,Unloaded,29735.71746398756,,3302.4011,25200
4615.660094228029,144.37714789131132,3609.659,12155.845960010054,15870.491744614945,,2670.897523170446,Unloaded,30959.704543030763,,3633.5964,21300
8011.631540076107,-1571.752308,4966.315,16590.22291147432,18303.71335605567,,2967.7126771409,Unloaded,30725.324071944822,,4408.0728,28300
15452.972324201824,-3093.450356,15784.214,16221.786405945379,16409.222420706115,,15310.440748079822,Unloaded,30907.619976452217,,4882.0415,30300
26826.92372168101,137.17812975443667,25260.682,14887.042404404696,11081.724680803469,,26782.88312608464,Unloaded,31428.46564,,6307.0337,34300
3461.8868553320403,24670.25264234729,9104.565,9115.613707410237,15064.481680991159,,2090.059973421495,Unloaded,31037.831471416037,,2564.737,15300
7734.269596,14647.691646339852,14291.401,20371.439281999614,30343.43949349354,,3362.370473173928,Unloaded,29579.463764251937,,3272.7683,26400
3383.862013861165,29699.76507722246,3501.0417,8910.120133,15332.86346065456,,2249.473492862964,Unloaded,31011.789109609294,,2410.8074,15300
18532.55163128835,-4516.360146,16887.057,15490.334338116152,16949.173096236485,,18355.76985726861,Unloaded,30855.53540987367,,4468.987,27000
160715.57062597113,166874.75407442357,160403.23,14154.653427579206,27060.24089906439,,160745.08766588007,Loaded,51981.39398021228,,170968,12000
213577.13000570517,82271.78745,207857.31,29136.914647236455,23219.213558939926,,213549.5256198016,Loaded,51737.112234157044,,145924.31,32300
8879.734972769449,86763.75237976635,152595.72,23391.98229,18847.048368151274,,161065.4847627364,Loaded,51457.93297556172,,35267.12,28500
116136.86715299914,88470.23978969292,116597.35,16974.180673435072,12135.385588582427,,116181.32275428396,Loaded,51021.715436614366,,12154.495,25000
177438.2133127616,84261.53184290271,176627.34,27624.93368738132,25414.082525235193,,177451.90736454705,Loaded,51876.70175823904,,155277.34,30600
207577.3192802617,82860.52986622308,7891.6587,28318.039182486795,23219.213558939926,,150574.69792781037,Loaded,51737.112234157044,,150176.81,33200
5854.256083430181,107706.93002563386,4437.5103,15419.10055282657,16139.72248031749,,3919.3065506218472,Unloaded,51283.44593893965,,3536.1667,18300
8736.334804352808,85470.88859455919,8235.245,23015.152649323376,15332.86346065456,,7619.216657592003,Unloaded,51231.099880560854,,6551.3228,33600
104199.63039021342,95635.15249156368,6290.143,15228.408571772552,12664.64233631276,,5960.064987840972,Unloaded,51056.61284393878,,5945.4634,21900
34240.76721059106,153604.3902246981,9588.058,0.000208622,25759.390755557208,,16083.9691,Near L.U,72991.98611951547,,11337.237,16083.9691
33767.547645547726,258090.26335602195,241843.72,5.008015756086048e-05,2898.4555913125405,,244859.6346768434,Loaded,228587.2829645921,,234736.31,13308.91809
208269.36294316084,187899.2008381204,207130.33,0.000112821,46717.87250877602,,208274.48899884464,Loaded,214794.19923312665,,218661.84,14158.4235
367546.02346992365,-182793.5186,282322.1,0.002953013,9760.441298450367,,366306.2486544744,Loaded,235947.12991206616,,180035.16,162538.7018
10650.430259279758,9392.840021657801,12979.44,0.000452471,332095.11721617554,,11808.1252,Near L.U,72559.684,,7381.932,11808.1252
305305.36586523545,83594.15101569862,349458.5,0.002452871,11273.768198130454,,320208.01063681097,Loaded,241922.1193264727,,197209.39,110152.5348
12600.883329038781,-39920.75713,13844.972,0.000179116,16290.735589050584,,12516.04637,Near L.U,72975.72848,,8744.745,12516.04637
304244.35385418445,148544.69601567913,182794.86,0.000451681,601.5185017463477,,179334.8572823233,Loaded,243988.2396247163,,235824.5,78720.83466
289478.3844786189,320652.7972929713,279053.03,0.00084503,4373.606175584698,,289642.33816385176,Loaded,245384.2637498402,,278109.6,46382.99539
139511.30323895637,236298.09796194016,227618.08,4.816305211386806e-05,5242.456626284849,,228864.32584693417,Loaded,225843.57082758707,,228398.8,11326.7388
28358.498998556348,235781.68764431676,219838.88,5.400054797572231e-05,22931.731210031627,,220386.89169587768,Loaded,171293.31655430136,,216492.53,22653.4776
20420.213961588986,65188.70086103998,23607.033,0.000319477,39579.33517833462,,20161.59506,Near L.U,73724.60800787236,,12258.886,20161.59506
479750.15007783746,156442.52232891927,48484.56,0.000712077,39765.86695625814,,45505.17313,Near L.U,107387.45738915677,,25310.62,45505.17313
377835.8659051418,374652.5296838458,371947.44,0.000720514,21876.035225746968,,377764.2045889407,Loaded,253514.60784416323,,342951.75,121762.4421
273703.1754,248669.1488717433,272505.1,0.000896699,90941.95569387799,,273827.7976566633,Loaded,110034.71238593984,,228736.66,37180.02011
23590.03039026413,41351.49231397448,22821.252,0.000788233,84818.66417059967,,21945.55643,Near L.U,110400.45199686717,,19363.846,21945.55643
182949.77434538837,193452.47022351102,182118.44,0.001115076,140701.6501250026,,182974.3047313032,Loaded,111010.01720114716,,238450.98,35311.10821
196326.89900363344,192890.2726234521,256498.83,0.00119663,147216.4355021323,,258899.36375017045,Loaded,112089.8186992199,,241815.78,38397.64453
260344.03319014472,193360.0945584821,257540.55,0.000611634,37507.99972994577,,260292.01284109088,Loaded,116966.34033345993,,237871.48,38652.49616
29449.352207397205,163983.6859949174,32974.973,0.000496109,4067.4905195414367,,29775.072973276176,Unloaded,277026.79676958243,,170484.89,156110.7775
397600.21672315703,256365.50441226666,382451.7,0.000737804,10830.09127,,397611.4160552688,Loaded,280709.8095732273,,342227.44,137138.49
283440.7789502446,309756.0414348594,281783.56,0.000703528,11157.37062661394,,283465.3155973812,Loaded,284063.0034789077,,352194.9,125755.1175
42140.28509181096,-50419.11854,10396.917,0.001791587,87897.14658237463,,8764.390512528409,Unloaded,79599.15206796183,,10181.3,83959.45136
36766.086295367386,-33185.40505,33051.91,0.001563051,86821.67406835227,,7836.762938373631,Unloaded,81546.23906253274,,8930.089,70027.56263
59028.216150412554,48986.11985550291,27920.775,0.002509685,182247.7109308002,,18963.898069792776,Unloaded,61287.625647284905,,28961.33,127001.0588
69345.17493058096,112875.0211969174,50958.004,0.00294866,37829.836427476446,,48338.39134545259,Unloaded,257469.32995851096,,59223.324,117514.9151
228530.46772156283,158682.131,226810.42,0.001806013,17553.432870303786,,229404.99048750065,Questionable,258849.81132798968,,207411.22,100553.1237
75695.76246322575,71619.66363410631,71851.086,0.002530048,207173.5895961519,,72971.09474413971,Unloaded,61545.65964541155,,27225.705,124877.2953
187974.78873652426,196337.0800068087,188230.14,0.001625762,17866.829772284924,,188762.730761018,Loaded,260690.45458764822,,220806.06,85205.39262
85454.09829521342,140821.9661358111,86292.35,0.000365151,23572.636052846665,,85360.37429390481,Unloaded,275749.85650708515,,105635.23,181879.1083
80097.94163771224,2705.313847168436,30920.385,0.003405631,146525.1601752746,,24412.63610795759,Unloaded,83210.41582475629,,31763.604,125698.4838
5081.119809092149,59758.314829598225,10117.3,0.000169848,1754.6516453305103,,5619.913555620642,Unloaded,83684.70618,,8363.753,48478.44206
340874.76365733286,64206.209023694595,9440.495,0.000506004,8190.756909188905,,8578.484580533493,Unloaded,83917.69082231825,,11235.4795,83506.3818
426917.73283486813,27893.819553954163,49658.348,0.000633758,7180.921491892857,,48991.71527547215,Unloaded,84075.78786555125,,27706.424,97976.29062
263363.5120916464,233165.25127397967,411881.78,9.100701780473488e-05,2153.120956760308,,287945.1304579613,Questionable,286453.06288964656,,298913.2,141527.6013
207419.09798464173,139228.6689664598,203058.67,0.001592686,18751.228697958268,,207585.00661588693,Unloaded,84500.15301963681,,176997.94,245563.6972
23312.16131544671,63654.33017302671,58852.574,0.000991127,36736.412122772665,,58028.07288209992,Unloaded,62577.79563791818,,29730.283,105961.6415
45998.34297974604,-5529.095567,65642.09,0.001955602,108259.63164214275,,7101.525831530587,Unloaded,84716.49593,,10744.308,70848.75119
16818.568260290278,6778.493453102114,15674.401,0.000714988,23347.544114827182,,5287.71425686725,Unloaded,84999.40578,,8661.4795,50885.37406
24035.462231423644,33362.19288190188,29020.205,0.001022173,97709.66127826337,,23881.85008826427,Unloaded,85057.65203471316,,13829.628,32224.57189
962053.9447281009,366626.23678147624,213901.72,0.00142823,15418.567487588512,,300819.2859170723,Unloaded,320783.2038713823,,343291.38,280251.8348
426536.03957266326,404076.3694686395,423872.38,0.000714879,4378.239530885883,,426625.69254783273,Questionable,322157.46383725153,,380285.4,255955.98
252028.70207388932,376411.77869248495,250652.69,0.001194631,11143.700134634055,,252140.31939739356,Unloaded,322982.0187891718,,361763.66,263035.1918
528408.2692867903,357129.9250928181,499059.25,0.000819807,6608.833144264763,,528482.5402402317,Loaded,323256.8712961463,,402885.5,231773.3927
410569.4752165434,409192.55733178486,270376.88,0.001113008,11478.568781343738,,410483.0732347592,Questionable,325180.83370696136,,387089.4,232481.3139
1235742.3652050782,232303.3608883486,337478.44,0.001038389,13640.412614857822,,347342.78363655193,Unloaded,321249.12832779175,,312544.62,333204.3386
468669.919,485013.4798,462840.16,0.001258445,19492.368585340995,,468572.855343386,Loaded,327764.4390517114,,405008.56,189779.5086
413281.4290393631,409468.18562556745,410645.56,0.000304848,32599.017089886416,,413279.5529546212,Loaded,297450.8545971202,,355529.6,116778.677
50273.84617099975,71028.88631916899,12197.073,0.002137394,197504.43532520742,,10836.439014320706,Unloaded,63613.84113679547,,17381.87,101884.0155
31990.526840340568,71977.94789940616,14109.026,0.001360019,80746.52655659866,,7303.761568879864,Unloaded,86611.27331687103,,9522.761,67535.6801
200536.6346137212,228187.55857232437,199202.83,0.000386601,21601.503249722417,,200549.51325327027,Unloaded,303686.2080268165,,251618.3,212489.6199
337716.4335395689,253128.87869298778,335427.16,0.000283682,14805.854072138636,,337722.98184166633,Questionable,303980.7910572003,,324881.06,181369.405
341204.3223886629,318702.43978292693,337478.62,0.00037649,32951.219863887934,,341208.58148280706,Loaded,304324.47240657883,,336555,155770.9753
60749.66906713701,125969.41360658917,227818.12,0.002583028,95337.28667662008,,230785.7779182121,Unloaded,64008.71132943964,,133270.62,194565.0557
217708.4074041234,344329.37087063235,217090.31,0.000457789,3401.3922543629415,,217697.11049469505,Unloaded,333150.83989376307,,323625.84,279204.1114
23551.226356001953,31875.85840842979,12197.073,0.001001246,53787.09201481716,,8268.414671241035,Unloaded,64082.99396032365,,15505.339,82402.02477
26394.868392847227,65478.88405596713,27934.15,0.00069342,22985.25921094327,,26153.284823923543,Unloaded,87753.61855,,10250.112,55472.70327
165779.25281218317,320944.54098149686,164965.88,0.001039737,17402.311566793054,,165489.70005729666,Unloaded,334936.09662865876,,289536.3,276004.3077
392213.0842806364,339679.70064395445,390077.72,0.00042212,3538.4896575853736,,392233.9151693307,Questionable,335747.57650301757,,352220.25,238031.4159
416629.7927126967,338127.7508205417,406794.88,0.000363422,3334.193276256157,,416637.5474022484,Loaded,336450.86175761226,,375976.12,201304.4653
156966.8621,100675.76158920347,111035.08,0.000552644,33632.57472730358,,156983.3579812864,Questionable,88660.59473,,13269.026,31601.60125
335649.5151653468,256018.0563988372,280913.1,0.000475873,4922.699079610723,,367982.8361866741,Questionable,339290.30219434184,,362723.94,228148.8363
285938.2683905891,283975.1859222193,285451.06,0.000405376,5000.094579012479,,285990.4010626585,Loaded,340129.5723754338,,366457.34,180123.4638
61534.70971257911,94204.61036066535,62659.66,0.001799434,58172.79553552149,,60887.26999072784,Unloaded,64794.54220835729,,102021.2,164804.0495
19031.290288240674,53913.33819417303,50296.24,0.000809032,42750.670282392035,,5360.067367318951,Unloaded,89326.26559119803,,9664.659,51083.59199
88160.25067040436,61817.17125097431,106411.516,0.001841817,35914.916228408925,,88705.30530391382,Unloaded,89376.19078906954,,163761.62,188420.2999
91812.29492,56854.80059742302,92478.53,0.001547022,46699.636496669205,,92126.7813632214,Unloaded,90258.20456248836,,77298.5,126604.6229
17311.79921172516,80200.26278179424,9018.901,0.000735908,44268.34203741375,,5084.543064981453,Unloaded,90499.51026884062,,9358.159,43891.11285
20114.084069545384,18721.50946231655,19295.705,0.000855365,70847.57587126455,,17463.00330426616,Unloaded,65451.35608821162,,12072.3,55019.63372
49881.09948106956,35376.85008123824,46374.027,0.001667064,212806.7873579927,,46898.71593080952,Unloaded,65482.63287002837,,14544.261,68611.72028
51471.50753078594,40377.50688379296,12909.7295,0.002188351,135342.61201729992,,10419.5639177803,Unloaded,90957.15888817387,,22507.4,97296.68629
47775.212089157976,67423.24750261629,110789.37,0.002031225,119320.54141367237,,111044.09573454184,Unloaded,65768.03414,,64512.277,117231.7466
167464.3406,61025.74441210527,166651.88,0.001657348,41479.15265501663,,167389.66232583902,Unloaded,91739.32187697862,,130471.32,145435.3262
28870.71114688337,67641.56829782962,12090.94,0.001227403,71001.00127374922,,9275.058085473367,Unloaded,66268.46374894603,,14142.815,83223.21333
53631.51661306197,59541.444187135494,52921.16,0.000665844,62965.26372,,53263.74429392501,Unloaded,66389.66155255516,,15362.2295,45193.68781
365684.1115,389837.2669017599,362819.44,0.000375412,9029.981025870775,,365692.5666367797,Loaded,342514.8921156435,,359962.72,109387.98
83842.10949634343,591005.9840231722,304933.47,0.000481582,21420.650655688783,,83927.40983967416,Unloaded,344473.64371269656,,352507.06,85630.14533
33268.240773472055,68599.06257633274,13568.073,0.001414466,43801.38614,,11583.4690231013,Unloaded,93228.76025221628,,12791.151,110917.0897
35708.064621224876,152397.4732,37237.832,0.001518219,32982.06223597358,,10606.592246855327,Unloaded,150457.5992248314,,116848.414,99590.3509
76987.27079894659,68913.34336255811,77081.78,0.002022527,66080.24517,,75773.035298521,Unloaded,151624.4816989248,,35227.027,94889.7543
287523.5407198587,216222.3578,282537.2,0.001103872,27461.048368960503,,287581.60245272133,Loaded,153714.41942589448,,245889.84,72123.00931
203913.26363682645,151916.3485861006,203097.31,0.00126668,39109.69769116579,,203928.21245993985,Questionable,154289.1524025527,,238797.88,70877.06804
250019.28152200065,262405.1694187552,248054.42,0.001787629,25456.18102432838,,251136.87366607285,Questionable,231395.93758283323,,250263.72,115957.4885
219213.31815234432,269156.5955483616,217761.56,0.001561435,26552.98318391259,,219890.3804751988,Questionable,231835.96262865706,,263237.2,92426.18861
213652.88213874967,162350.71478148253,211658.95,0.001450095,40337.880825992666,,212926.47555468007,Questionable,155769.5249252424,,229825.38,82543.60901
247888.21698073528,197752.23047544184,246154.08,0.001066194,32034.984707971067,,247710.6026516232,Loaded,155908.8546496618,,254795.56,64024.39107
312798.2209254155,333130.2965984278,308118.97,0.001184228,20862.180502562922,,312783.48540806473,Loaded,233156.03913708095,,287463.88,73935.28752
33738.23356473003,138828.46786477885,10918.987,0.001434394,56882.96489878263,,8295.700792464439,Unloaded,97805.24644554881,,9014.37,82855.09432
29354.48521344085,130381.78742276588,9195.55,0.001248007,49401.84676712338,,8243.575746579096,Unloaded,97979.98522140566,,15202.7295,78409.34934
32045.168305553383,105468.51100621247,9195.55,0.001362384,65342.12652,,7299.016494615306,Unloaded,98121.44014314385,,11972.378,72830.93048
141356.1500578965,147021.8327413142,141346.3,0.000932226,51625.15695350396,,141685.85603441732,Loaded,98562.44702985325,,191754.89,50743.78982
133152.6988564386,244570.84972487477,305804.3,0.000948318,33982.33541318277,,308458.0635478714,Loaded,159426.91696485458,,278854.88,51366.76046
193122.0976897444,83047.58673750826,191629.45,0.001556202,116815.23533915941,,192492.1813071152,Questionable,98820.39446882936,,180021.14,58587.55644
223449.02215628908,181421.08494383103,221840.31,0.000936583,62397.55503401092,,223573.364055292,Loaded,99244.75962291489,,206545.66,43183.19168
54555.366212559245,164537.14326730903,12623.448,0.002319594,66233.81749854129,,11176.303495629556,Unloaded,160733.12834943522,,36631.074,110152.5348
234456.8394329268,171083.1763740023,229932.17,0.002035789,67502.56286605584,,233674.7500286069,Questionable,161238.19687084982,,167848.92,90104.20715
261614.38885488428,131531.04598027575,73443.38,0.001916624,76223.86446204619,,76067.87331784525,Unloaded,99685.76650962431,,23296.549,105508.5719
234109.2688323938,213322.99523403315,234160.45,0.001486455,49407.17079123199,,234672.74935972143,Loaded,161603.9356678449,,241579.31,71981.42507
197613.92682728826,142598.29020094997,196701.2,0.001447651,76887.96792678324,,197675.06891497347,Questionable,100626.02615279112,,143885.56,70622.21642
235823.46355809798,65493.30213667182,167094.3,0.003833679,173405.0714972064,,235296.58838536745,Unloaded,107299.37532318014,,67237.98,220644.8718
63482.73148300453,65068.835250651966,56245.645,0.002699584,116912.33663665953,,53613.33554175451,Unloaded,109055.08180927036,,36611.543,176159.1052
155583.68888147082,21403.423163993415,200374.52,0.002445428,136140.2093274431,,158179.4544016251,Unloaded,110261.60995216065,,24894.025,136770.371
45310.85388233165,704.0524344,18345.385,0.001926403,139880.31544123963,,16505.803305379253,Unloaded,111301.72076881246,,16855.096,95597.67547
353722.92902679805,144850.29569838813,127656.74,0.003219479,55329.191489467106,,195130.83954247524,Unloaded,226740.34131697082,,206975.75,196688.8193
280985.4930961514,271885.2080045682,271186.16,0.002557351,56115.98462888163,,279048.2462862117,Questionable,236232.14328525343,,241873.39,138639.2829
232510.5194571252,244258.45991376461,232607.66,0.002699618,100604.38499031373,,233899.89048750047,Loaded,240847.42361929588,,235068.36,98316.09278
